Name,Phone
Mayar,9.23465E+11
junaid,9.23036E+11
Akell,9.23125E+11
same,9.23465E+11
